dimensiones, epsilon, min neighbors, cluster 1, cluster 2
2, 0.685714, 14, 1002, 998
3, 0.955555, 14, 991, 991
4, 1.366666, 31,976, 961
5, 1.542105, 31, 918, 893
6, 1.25, 20, 975, 967
7, 1.357142, 10, 944, 922
8, 1.785714, 35, 850, 812
9, 1.785714, 10, 813, 795
10, 1.785714, 10, 813, 795
11, 1.785714, 10, 813, 795
12, 2.0, 15, 742, 744
13, 2.571428, 44, 728, 722

